{"accuracy": [0.13268977403640747, 0.30176568031311035, 0.366996705532074, 0.40658414363861084, 0.4321287274360657, 0.4506765604019165, 0.4689768850803375, 0.4826567769050598, 0.49504950642585754, 0.5061386227607727], "loss": [3.8875467777252197, 2.8620777130126953, 2.537346363067627, 2.362048625946045, 2.2385976314544678, 2.1571061611175537, 2.0788185596466064, 2.021611452102661, 1.9651687145233154, 1.9180899858474731], "val_accuracy": [0.34580859541893005, 0.4288448989391327, 0.4677227735519409, 0.4854125380516052, 0.5010561347007751, 0.5094389319419861, 0.517095685005188, 0.5213861465454102, 0.5262706279754639, 0.5332673192024231], "val_loss": [2.813953399658203, 2.3623580932617188, 2.1707775592803955, 2.0623230934143066, 1.9894428253173828, 1.9430264234542847, 1.901817798614502, 1.8764218091964722, 1.8562120199203491, 1.8371821641921997]}