{"accuracy": [0.5121617317199707, 0.5242904424667358, 0.5304125547409058, 0.5373432636260986, 0.5417822003364563, 0.5493564605712891, 0.5505280494689941, 0.5583663582801819, 0.5626237392425537, 0.5674257278442383], "loss": [1.8855044841766357, 1.8441542387008667, 1.8094594478607178, 1.7861379384994507, 1.7566683292388916, 1.7248977422714233, 1.7002547979354858, 1.6788171529769897, 1.6578677892684937, 1.6331167221069336], "val_accuracy": [0.5375577807426453, 0.5380197763442993, 0.5427722930908203, 0.5434983372688293, 0.5450165271759033, 0.5462706089019775, 0.5467326641082764, 0.5520132184028625, 0.5495049357414246, 0.5510891079902649], "val_loss": [1.8170510530471802, 1.809407114982605, 1.790727138519287, 1.7812187671661377, 1.774377703666687, 1.769882321357727, 1.7615207433700562, 1.75498628616333, 1.7553688287734985, 1.7476141452789307]}